{
  "report": {
    "Approved": {
      "precision": 0.4666666666666667,
      "recall": 0.021341463414634148,
      "f1-score": 0.04081632653061224,
      "support": 328.0
    },
    "Likely Deniable": {
      "precision": 0.3473344103392569,
      "recall": 0.6379821958456974,
      "f1-score": 0.4497907949790795,
      "support": 337.0
    },
    "Need to Review": {
      "precision": 0.3442622950819672,
      "recall": 0.3761194029850746,
      "f1-score": 0.3594864479315264,
      "support": 335.0
    },
    "accuracy": 0.348,
    "macro avg": {
      "precision": 0.3860877906959636,
      "recall": 0.34514768741513535,
      "f1-score": 0.2833645231470727,
      "support": 1000.0
    },
    "weighted avg": {
      "precision": 0.3854462318034553,
      "recall": 0.348,
      "f1-score": 0.28539521306705196,
      "support": 1000.0
    }
  },
  "auc": 0.49497002294816306
}